model_id,dataset_id,batching,batch_size,iteration,latency_ms,images_per_second,text_length_mean,text_length_max,generated_tokens_mean,generated_tokens_max
microsoft/trocr-base-printed,priyank-m/SROIE_2019_text_recognition,bucketed-text-length,4,0,118.2498,33.8267,11.75,12,6.0,7
microsoft/trocr-base-printed,priyank-m/SROIE_2019_text_recognition,bucketed-text-length,4,1,64.4816,62.0332,3.75,4,2.5,3
microsoft/trocr-base-printed,priyank-m/SROIE_2019_text_recognition,bucketed-text-length,4,2,39.7207,100.7031,1.0,1,1.0,1
microsoft/trocr-base-printed,priyank-m/SROIE_2019_text_recognition,bucketed-text-length,4,3,129.0781,30.989,14.0,15,6.5,8
microsoft/trocr-base-printed,priyank-m/SROIE_2019_text_recognition,bucketed-text-length,4,4,164.4665,24.3211,18.25,20,8.25,10
microsoft/trocr-base-printed,priyank-m/SROIE_2019_text_recognition,bucketed-text-length,4,5,86.7629,46.1026,4.5,5,3.0,4
microsoft/trocr-base-printed,priyank-m/SROIE_2019_text_recognition,bucketed-text-length,4,6,67.079,59.6312,5.5,6,2.75,3
microsoft/trocr-base-printed,priyank-m/SROIE_2019_text_recognition,bucketed-text-length,4,7,81.525,49.0647,7.75,8,3.75,4
microsoft/trocr-base-printed,priyank-m/SROIE_2019_text_recognition,bucketed-text-length,4,8,98.4677,40.6224,9.5,10,4.5,5
microsoft/trocr-base-printed,priyank-m/SROIE_2019_text_recognition,bucketed-text-length,4,9,321.6971,12.4341,34.5,38,15.75,23
microsoft/trocr-base-printed,priyank-m/SROIE_2019_text_recognition,bucketed-text-length,4,10,75.9367,52.6754,6.5,7,3.0,4
microsoft/trocr-base-printed,priyank-m/SROIE_2019_text_recognition,bucketed-text-length,4,11,110.7335,36.1228,11.75,13,6.5,7
microsoft/trocr-base-printed,priyank-m/SROIE_2019_text_recognition,bucketed-text-length,4,12,73.9668,54.0783,5.0,5,3.0,4
microsoft/trocr-base-printed,priyank-m/SROIE_2019_text_recognition,bucketed-text-length,4,13,160.6686,24.896,18.5,20,8.75,11
microsoft/trocr-base-printed,priyank-m/SROIE_2019_text_recognition,bucketed-text-length,4,14,199.0077,20.0997,29.25,31,11.75,14
microsoft/trocr-base-printed,priyank-m/SROIE_2019_text_recognition,bucketed-text-length,4,15,189.3311,21.127,27.75,31,12.0,13
microsoft/trocr-base-printed,priyank-m/SROIE_2019_text_recognition,bucketed-text-length,4,16,63.5789,62.914,4.0,4,2.75,3
microsoft/trocr-base-printed,priyank-m/SROIE_2019_text_recognition,bucketed-text-length,4,17,62.187,64.3221,4.0,4,2.25,3
microsoft/trocr-base-printed,priyank-m/SROIE_2019_text_recognition,bucketed-text-length,4,18,160.3436,24.9464,21.75,24,8.25,11
microsoft/trocr-base-printed,priyank-m/SROIE_2019_text_recognition,bucketed-text-length,4,19,62.2006,64.308,5.25,6,3.0,3
microsoft/trocr-base-printed,priyank-m/SROIE_2019_text_recognition,bucketed-text-length,4,20,112.005,35.7127,11.75,12,5.75,7
microsoft/trocr-base-printed,priyank-m/SROIE_2019_text_recognition,bucketed-text-length,4,21,62.9356,63.5571,5.25,6,3.0,3
microsoft/trocr-base-printed,priyank-m/SROIE_2019_text_recognition,bucketed-text-length,4,22,74.2475,53.8738,7.5,8,3.5,4
microsoft/trocr-base-printed,priyank-m/SROIE_2019_text_recognition,bucketed-text-length,4,23,62.9246,63.5681,5.0,5,2.5,3
microsoft/trocr-base-printed,priyank-m/SROIE_2019_text_recognition,bucketed-text-length,4,24,38.9634,102.6605,1.0,1,1.0,1
microsoft/trocr-base-printed,priyank-m/SROIE_2019_text_recognition,bucketed-text-length,4,25,64.7941,61.734,4.0,4,2.25,3
microsoft/trocr-base-printed,priyank-m/SROIE_2019_text_recognition,bucketed-text-length,4,26,64.2792,62.2285,4.0,4,2.75,3
microsoft/trocr-base-printed,priyank-m/SROIE_2019_text_recognition,bucketed-text-length,4,27,260.0305,15.3828,35.75,38,18.0,19
microsoft/trocr-base-printed,priyank-m/SROIE_2019_text_recognition,bucketed-text-length,4,28,76.5543,52.2505,6.25,7,3.25,4
microsoft/trocr-base-printed,priyank-m/SROIE_2019_text_recognition,bucketed-text-length,4,29,38.1236,104.9219,1.0,1,1.0,1
microsoft/trocr-base-printed,priyank-m/SROIE_2019_text_recognition,bucketed-text-length,4,30,112.1435,35.6686,13.0,13,6.5,7
microsoft/trocr-base-printed,priyank-m/SROIE_2019_text_recognition,bucketed-text-length,4,31,182.9134,21.8683,22.25,24,10.0,11
microsoft/trocr-base-printed,priyank-m/SROIE_2019_text_recognition,bucketed-text-length,4,32,74.4908,53.6979,4.0,4,2.5,3
microsoft/trocr-base-printed,priyank-m/SROIE_2019_text_recognition,bucketed-text-length,4,33,73.4246,54.4776,4.0,4,2.25,3
microsoft/trocr-base-printed,priyank-m/SROIE_2019_text_recognition,bucketed-text-length,4,34,76.0331,52.6086,6.25,7,2.75,3
microsoft/trocr-base-printed,priyank-m/SROIE_2019_text_recognition,bucketed-text-length,4,35,167.6485,23.8594,18.5,20,9.0,11
microsoft/trocr-base-printed,priyank-m/SROIE_2019_text_recognition,bucketed-text-length,4,36,70.7598,56.5292,4.0,4,3.0,3
microsoft/trocr-base-printed,priyank-m/SROIE_2019_text_recognition,bucketed-text-length,4,37,169.9097,23.5419,21.75,24,8.75,11
microsoft/trocr-base-printed,priyank-m/SROIE_2019_text_recognition,bucketed-text-length,4,38,131.0066,30.5328,11.25,12,6.25,7
microsoft/trocr-base-printed,priyank-m/SROIE_2019_text_recognition,bucketed-text-length,4,39,89.7792,44.5538,5.5,6,3.0,4
microsoft/trocr-base-printed,priyank-m/SROIE_2019_text_recognition,bucketed-text-length,4,40,73.2019,54.6434,3.75,4,2.5,3
microsoft/trocr-base-printed,priyank-m/SROIE_2019_text_recognition,bucketed-text-length,4,41,72.7446,54.9869,5.0,5,2.75,3
microsoft/trocr-base-printed,priyank-m/SROIE_2019_text_recognition,bucketed-text-length,4,42,74.5539,53.6524,4.0,4,2.5,3
microsoft/trocr-base-printed,priyank-m/SROIE_2019_text_recognition,bucketed-text-length,4,43,43.0701,92.8719,1.0,1,1.0,1
microsoft/trocr-base-printed,priyank-m/SROIE_2019_text_recognition,bucketed-text-length,4,44,69.5582,57.5058,5.25,6,2.75,3
microsoft/trocr-base-printed,priyank-m/SROIE_2019_text_recognition,bucketed-text-length,4,45,122.0211,32.7812,12.0,12,5.25,7
microsoft/trocr-base-printed,priyank-m/SROIE_2019_text_recognition,bucketed-text-length,4,46,67.1509,59.5673,5.0,5,2.75,3
microsoft/trocr-base-printed,priyank-m/SROIE_2019_text_recognition,bucketed-text-length,4,47,242.7269,16.4794,26.25,31,11.5,16
microsoft/trocr-base-printed,priyank-m/SROIE_2019_text_recognition,bucketed-text-length,4,48,40.8901,97.8233,1.5,2,1.0,1
microsoft/trocr-base-printed,priyank-m/SROIE_2019_text_recognition,bucketed-text-length,4,49,212.6052,18.8142,28.5,30,10.75,14
microsoft/trocr-base-printed,priyank-m/SROIE_2019_text_recognition,bucketed-text-length,8,0,125.5208,63.7344,6.25,7,2.875,4
microsoft/trocr-base-printed,priyank-m/SROIE_2019_text_recognition,bucketed-text-length,8,1,121.0668,66.0792,4.625,5,3.125,4
microsoft/trocr-base-printed,priyank-m/SROIE_2019_text_recognition,bucketed-text-length,8,2,130.4857,61.3094,7.75,8,4.0,5
microsoft/trocr-base-printed,priyank-m/SROIE_2019_text_recognition,bucketed-text-length,8,3,159.2482,50.2361,11.875,13,5.125,7
microsoft/trocr-base-printed,priyank-m/SROIE_2019_text_recognition,bucketed-text-length,8,4,112.99,70.8027,5.125,6,2.875,4
microsoft/trocr-base-printed,priyank-m/SROIE_2019_text_recognition,bucketed-text-length,8,5,92.1423,86.8222,3.625,4,2.375,3
microsoft/trocr-base-printed,priyank-m/SROIE_2019_text_recognition,bucketed-text-length,8,6,356.7769,22.423,34.625,41,14.625,19
microsoft/trocr-base-printed,priyank-m/SROIE_2019_text_recognition,bucketed-text-length,8,7,103.4745,77.3137,5.375,6,3.0,4
microsoft/trocr-base-printed,priyank-m/SROIE_2019_text_recognition,bucketed-text-length,8,8,152.3153,52.5226,11.875,13,5.75,7
microsoft/trocr-base-printed,priyank-m/SROIE_2019_text_recognition,bucketed-text-length,8,9,89.8521,89.0352,3.875,4,2.625,3
microsoft/trocr-base-printed,priyank-m/SROIE_2019_text_recognition,bucketed-text-length,8,10,91.9812,86.9743,4.0,4,2.5,3
microsoft/trocr-base-printed,priyank-m/SROIE_2019_text_recognition,bucketed-text-length,8,11,86.3093,92.6899,4.625,5,2.625,3
microsoft/trocr-base-printed,priyank-m/SROIE_2019_text_recognition,bucketed-text-length,8,12,263.047,30.4128,22.375,24,10.625,14
microsoft/trocr-base-printed,priyank-m/SROIE_2019_text_recognition,bucketed-text-length,8,13,158.7734,50.3863,11.875,13,5.5,7
microsoft/trocr-base-printed,priyank-m/SROIE_2019_text_recognition,bucketed-text-length,8,14,152.6755,52.3987,11.75,13,5.625,7
microsoft/trocr-base-printed,priyank-m/SROIE_2019_text_recognition,bucketed-text-length,8,15,88.5331,90.3617,3.75,4,2.25,3
microsoft/trocr-base-printed,priyank-m/SROIE_2019_text_recognition,bucketed-text-length,8,16,89.2408,89.6451,5.25,6,2.75,3
microsoft/trocr-base-printed,priyank-m/SROIE_2019_text_recognition,bucketed-text-length,8,17,104.9877,76.1994,5.25,6,3.0,4
microsoft/trocr-base-printed,priyank-m/SROIE_2019_text_recognition,bucketed-text-length,8,18,152.5314,52.4482,12.0,13,5.375,7
microsoft/trocr-base-printed,priyank-m/SROIE_2019_text_recognition,bucketed-text-length,8,19,86.8669,92.0949,5.0,5,2.875,3
microsoft/trocr-base-printed,priyank-m/SROIE_2019_text_recognition,bucketed-text-length,8,20,170.9115,46.8079,13.25,15,6.375,8
microsoft/trocr-base-printed,priyank-m/SROIE_2019_text_recognition,bucketed-text-length,8,21,86.7,92.2722,5.0,5,2.75,3
microsoft/trocr-base-printed,priyank-m/SROIE_2019_text_recognition,bucketed-text-length,8,22,108.4368,73.7757,6.375,7,3.125,4
microsoft/trocr-base-printed,priyank-m/SROIE_2019_text_recognition,bucketed-text-length,8,23,73.7226,108.5148,2.125,3,1.375,2
microsoft/trocr-base-printed,priyank-m/SROIE_2019_text_recognition,bucketed-text-length,8,24,195.0627,41.0125,17.5,19,7.5,9
microsoft/trocr-base-printed,priyank-m/SROIE_2019_text_recognition,bucketed-text-length,8,25,103.9052,76.9933,6.5,7,3.25,4
microsoft/trocr-base-printed,priyank-m/SROIE_2019_text_recognition,bucketed-text-length,8,26,156.3317,51.1732,12.25,13,6.0,7
microsoft/trocr-base-printed,priyank-m/SROIE_2019_text_recognition,bucketed-text-length,8,27,88.2566,90.6448,4.0,4,2.625,3
microsoft/trocr-base-printed,priyank-m/SROIE_2019_text_recognition,bucketed-text-length,8,28,228.3662,35.0315,19.125,20,8.375,11
microsoft/trocr-base-printed,priyank-m/SROIE_2019_text_recognition,bucketed-text-length,8,29,86.7664,92.2016,5.5,6,2.625,3
microsoft/trocr-base-printed,priyank-m/SROIE_2019_text_recognition,bucketed-text-length,8,30,228.862,34.9556,18.625,20,8.25,11
microsoft/trocr-base-printed,priyank-m/SROIE_2019_text_recognition,bucketed-text-length,8,31,107.2794,74.5716,6.125,7,3.125,4
microsoft/trocr-base-printed,priyank-m/SROIE_2019_text_recognition,bucketed-text-length,8,32,90.903,88.0059,3.875,4,2.25,3
microsoft/trocr-base-printed,priyank-m/SROIE_2019_text_recognition,bucketed-text-length,8,33,92.2712,86.701,5.0,5,2.875,3
microsoft/trocr-base-printed,priyank-m/SROIE_2019_text_recognition,bucketed-text-length,8,34,139.9948,57.145,9.875,11,4.875,6
microsoft/trocr-base-printed,priyank-m/SROIE_2019_text_recognition,bucketed-text-length,8,35,426.7187,18.7477,36.125,39,17.5,23
microsoft/trocr-base-printed,priyank-m/SROIE_2019_text_recognition,bucketed-text-length,8,36,160.9951,49.691,13.25,15,5.75,7
microsoft/trocr-base-printed,priyank-m/SROIE_2019_text_recognition,bucketed-text-length,8,37,92.8696,86.1423,5.0,5,3.0,3
microsoft/trocr-base-printed,priyank-m/SROIE_2019_text_recognition,bucketed-text-length,8,38,58.7441,136.1839,1.0,1,1.0,1
microsoft/trocr-base-printed,priyank-m/SROIE_2019_text_recognition,bucketed-text-length,8,39,91.831,87.1166,3.875,4,2.625,3
microsoft/trocr-base-printed,priyank-m/SROIE_2019_text_recognition,bucketed-text-length,8,40,88.283,90.6176,5.0,5,2.75,3
microsoft/trocr-base-printed,priyank-m/SROIE_2019_text_recognition,bucketed-text-length,8,41,59.4268,134.6193,1.0,1,1.0,1
microsoft/trocr-base-printed,priyank-m/SROIE_2019_text_recognition,bucketed-text-length,8,42,60.8449,131.4819,1.0,1,1.0,1
microsoft/trocr-base-printed,priyank-m/SROIE_2019_text_recognition,bucketed-text-length,8,43,91.1096,87.8063,4.0,4,2.375,3
microsoft/trocr-base-printed,priyank-m/SROIE_2019_text_recognition,bucketed-text-length,8,44,242.9824,32.9242,18.5,20,8.375,11
microsoft/trocr-base-printed,priyank-m/SROIE_2019_text_recognition,bucketed-text-length,8,45,365.1608,21.9082,34.75,41,15.125,19
microsoft/trocr-base-printed,priyank-m/SROIE_2019_text_recognition,bucketed-text-length,8,46,363.0174,22.0375,34.25,39,16.25,19
microsoft/trocr-base-printed,priyank-m/SROIE_2019_text_recognition,bucketed-text-length,8,47,176.5064,45.3241,14.125,16,6.875,8
microsoft/trocr-base-printed,priyank-m/SROIE_2019_text_recognition,bucketed-text-length,8,48,218.3137,36.6445,18.375,19,8.125,11
microsoft/trocr-base-printed,priyank-m/SROIE_2019_text_recognition,bucketed-text-length,8,49,107.0355,74.7416,5.0,5,2.875,4
microsoft/trocr-base-printed,priyank-m/SROIE_2019_text_recognition,bucketed-text-length,16,0,202.4347,79.0378,13.3125,15,5.875,7
microsoft/trocr-base-printed,priyank-m/SROIE_2019_text_recognition,bucketed-text-length,16,1,144.1538,110.9925,4.75,5,2.875,4
microsoft/trocr-base-printed,priyank-m/SROIE_2019_text_recognition,bucketed-text-length,16,2,286.4417,55.8578,18.375,20,8.25,11
microsoft/trocr-base-printed,priyank-m/SROIE_2019_text_recognition,bucketed-text-length,16,3,224.6863,71.2104,13.5625,16,6.3125,8
microsoft/trocr-base-printed,priyank-m/SROIE_2019_text_recognition,bucketed-text-length,16,4,142.7486,112.0852,5.0,5,2.875,4
microsoft/trocr-base-printed,priyank-m/SROIE_2019_text_recognition,bucketed-text-length,16,5,224.9242,71.1351,13.25,14,6.25,8
microsoft/trocr-base-printed,priyank-m/SROIE_2019_text_recognition,bucketed-text-length,16,6,124.1368,128.8901,4.8125,5,2.75,3
microsoft/trocr-base-printed,priyank-m/SROIE_2019_text_recognition,bucketed-text-length,16,7,124.9783,128.0222,3.8125,4,2.5625,3
microsoft/trocr-base-printed,priyank-m/SROIE_2019_text_recognition,bucketed-text-length,16,8,104.107,153.688,1.875,3,1.125,2
microsoft/trocr-base-printed,priyank-m/SROIE_2019_text_recognition,bucketed-text-length,16,9,205.5922,77.824,9.75,11,5.0,7
microsoft/trocr-base-printed,priyank-m/SROIE_2019_text_recognition,bucketed-text-length,16,10,122.0995,131.0407,3.875,4,2.5,3
microsoft/trocr-base-printed,priyank-m/SROIE_2019_text_recognition,bucketed-text-length,16,11,143.7624,111.2948,5.3125,6,2.8125,4
microsoft/trocr-base-printed,priyank-m/SROIE_2019_text_recognition,bucketed-text-length,16,12,203.8343,78.4951,13.4375,15,5.875,7
microsoft/trocr-base-printed,priyank-m/SROIE_2019_text_recognition,bucketed-text-length,16,13,127.8243,125.1718,4.0,4,2.625,3
microsoft/trocr-base-printed,priyank-m/SROIE_2019_text_recognition,bucketed-text-length,16,14,203.3262,78.6913,11.8125,13,5.625,7
microsoft/trocr-base-printed,priyank-m/SROIE_2019_text_recognition,bucketed-text-length,16,15,168.8749,94.7447,6.125,7,2.9375,5
microsoft/trocr-base-printed,priyank-m/SROIE_2019_text_recognition,bucketed-text-length,16,16,202.4016,79.0508,9.5,11,4.875,7
microsoft/trocr-base-printed,priyank-m/SROIE_2019_text_recognition,bucketed-text-length,16,17,122.2072,130.9251,4.6875,5,2.625,3
microsoft/trocr-base-printed,priyank-m/SROIE_2019_text_recognition,bucketed-text-length,16,18,352.148,45.4354,21.9375,24,9.75,14
microsoft/trocr-base-printed,priyank-m/SROIE_2019_text_recognition,bucketed-text-length,16,19,330.7273,48.3782,22.4375,24,9.6875,13
microsoft/trocr-base-printed,priyank-m/SROIE_2019_text_recognition,bucketed-text-length,16,20,144.2815,110.8943,6.3125,7,2.9375,4
microsoft/trocr-base-printed,priyank-m/SROIE_2019_text_recognition,bucketed-text-length,16,21,442.0168,36.1977,34.375,41,15.3125,18
microsoft/trocr-base-printed,priyank-m/SROIE_2019_text_recognition,bucketed-text-length,16,22,288.6146,55.4372,18.75,20,8.625,11
microsoft/trocr-base-printed,priyank-m/SROIE_2019_text_recognition,bucketed-text-length,16,23,122.9328,130.1524,4.0,4,2.6875,3
microsoft/trocr-base-printed,priyank-m/SROIE_2019_text_recognition,bucketed-text-length,16,24,287.4661,55.6587,18.5,20,8.5625,11
microsoft/trocr-base-printed,priyank-m/SROIE_2019_text_recognition,bucketed-text-length,16,25,141.4971,113.0765,6.3125,7,3.0625,4
microsoft/trocr-base-printed,priyank-m/SROIE_2019_text_recognition,bucketed-text-length,16,26,462.5822,34.5885,33.9375,38,15.875,19
microsoft/trocr-base-printed,priyank-m/SROIE_2019_text_recognition,bucketed-text-length,16,27,568.3892,28.1497,35.3125,44,17.0,23
microsoft/trocr-base-printed,priyank-m/SROIE_2019_text_recognition,bucketed-text-length,16,28,204.1697,78.3662,12.0625,13,5.75,7
microsoft/trocr-base-printed,priyank-m/SROIE_2019_text_recognition,bucketed-text-length,16,29,207.4629,77.1222,9.6875,11,5.375,7
microsoft/trocr-base-printed,priyank-m/SROIE_2019_text_recognition,bucketed-text-length,16,30,143.9732,111.1318,4.75,5,2.6875,4
microsoft/trocr-base-printed,priyank-m/SROIE_2019_text_recognition,bucketed-text-length,16,31,287.0686,55.7358,18.5,20,8.625,11
microsoft/trocr-base-printed,priyank-m/SROIE_2019_text_recognition,bucketed-text-length,16,32,90.5672,176.6644,1.0,1,1.0,1
microsoft/trocr-base-printed,priyank-m/SROIE_2019_text_recognition,bucketed-text-length,16,33,149.4513,107.0583,4.8125,5,2.75,4
microsoft/trocr-base-printed,priyank-m/SROIE_2019_text_recognition,bucketed-text-length,16,34,354.4686,45.138,22.3125,24,10.25,14
microsoft/trocr-base-printed,priyank-m/SROIE_2019_text_recognition,bucketed-text-length,16,35,143.7975,111.2676,5.3125,6,2.875,4
microsoft/trocr-base-printed,priyank-m/SROIE_2019_text_recognition,bucketed-text-length,16,36,560.1611,28.5632,34.4375,40,16.0625,23
microsoft/trocr-base-printed,priyank-m/SROIE_2019_text_recognition,bucketed-text-length,16,37,163.3047,97.9764,7.5625,8,3.5,5
microsoft/trocr-base-printed,priyank-m/SROIE_2019_text_recognition,bucketed-text-length,16,38,222.6917,71.8482,13.5625,16,6.125,8
microsoft/trocr-base-printed,priyank-m/SROIE_2019_text_recognition,bucketed-text-length,16,39,142.8252,112.025,6.25,7,2.875,4
microsoft/trocr-base-printed,priyank-m/SROIE_2019_text_recognition,bucketed-text-length,16,40,120.7324,132.5245,3.9375,4,2.5625,3
microsoft/trocr-base-printed,priyank-m/SROIE_2019_text_recognition,bucketed-text-length,16,41,400.1721,39.9828,27.875,31,11.1875,16
microsoft/trocr-base-printed,priyank-m/SROIE_2019_text_recognition,bucketed-text-length,16,42,106.1234,150.7679,1.75,3,1.1875,2
microsoft/trocr-base-printed,priyank-m/SROIE_2019_text_recognition,bucketed-text-length,16,43,147.873,108.2009,5.0,5,2.875,4
microsoft/trocr-base-printed,priyank-m/SROIE_2019_text_recognition,bucketed-text-length,16,44,359.2374,44.5388,22.375,24,10.75,14
microsoft/trocr-base-printed,priyank-m/SROIE_2019_text_recognition,bucketed-text-length,16,45,85.4124,187.3263,1.0,1,1.0,1
microsoft/trocr-base-printed,priyank-m/SROIE_2019_text_recognition,bucketed-text-length,16,46,224.8789,71.1494,13.5,16,6.375,8
microsoft/trocr-base-printed,priyank-m/SROIE_2019_text_recognition,bucketed-text-length,16,47,287.6777,55.6178,18.5625,20,8.1875,11
microsoft/trocr-base-printed,priyank-m/SROIE_2019_text_recognition,bucketed-text-length,16,48,144.1551,110.9916,5.375,6,2.9375,4
microsoft/trocr-base-printed,priyank-m/SROIE_2019_text_recognition,bucketed-text-length,16,49,561.103,28.5153,33.8125,44,15.625,23
microsoft/trocr-base-printed,priyank-m/SROIE_2019_text_recognition,bucketed-text-length,32,0,289.8268,110.4108,7.6875,8,3.6875,5
microsoft/trocr-base-printed,priyank-m/SROIE_2019_text_recognition,bucketed-text-length,32,1,256.6398,124.6884,5.3438,6,2.8438,4
microsoft/trocr-base-printed,priyank-m/SROIE_2019_text_recognition,bucketed-text-length,32,2,616.4871,51.907,22.1562,24,9.9375,14
microsoft/trocr-base-printed,priyank-m/SROIE_2019_text_recognition,bucketed-text-length,32,3,359.6072,88.986,9.8125,11,5.0,7
microsoft/trocr-base-printed,priyank-m/SROIE_2019_text_recognition,bucketed-text-length,32,4,252.1406,126.9133,5.0,5,2.8438,4
microsoft/trocr-base-printed,priyank-m/SROIE_2019_text_recognition,bucketed-text-length,32,5,222.516,143.8099,3.875,4,2.5,3
microsoft/trocr-base-printed,priyank-m/SROIE_2019_text_recognition,bucketed-text-length,32,6,223.0663,143.4551,4.0,4,2.625,3
microsoft/trocr-base-printed,priyank-m/SROIE_2019_text_recognition,bucketed-text-length,32,7,190.336,168.1237,1.7812,3,1.1875,2
microsoft/trocr-base-printed,priyank-m/SROIE_2019_text_recognition,bucketed-text-length,32,8,693.9664,46.1117,27.75,31,11.5,16
microsoft/trocr-base-printed,priyank-m/SROIE_2019_text_recognition,bucketed-text-length,32,9,361.0103,88.6401,9.8125,11,5.0,7
microsoft/trocr-base-printed,priyank-m/SROIE_2019_text_recognition,bucketed-text-length,32,10,254.8532,125.5625,5.0,5,2.8438,4
microsoft/trocr-base-printed,priyank-m/SROIE_2019_text_recognition,bucketed-text-length,32,11,288.736,110.8279,7.6875,8,3.6875,5
microsoft/trocr-base-printed,priyank-m/SROIE_2019_text_recognition,bucketed-text-length,32,12,256.9285,124.5483,5.0,5,2.8438,4
microsoft/trocr-base-printed,priyank-m/SROIE_2019_text_recognition,bucketed-text-length,32,13,222.5626,143.7798,4.0,4,2.625,3
microsoft/trocr-base-printed,priyank-m/SROIE_2019_text_recognition,bucketed-text-length,32,14,222.7148,143.6815,4.0,4,2.625,3
microsoft/trocr-base-printed,priyank-m/SROIE_2019_text_recognition,bucketed-text-length,32,15,290.2805,110.2382,7.6875,8,3.6875,5
microsoft/trocr-base-printed,priyank-m/SROIE_2019_text_recognition,bucketed-text-length,32,16,615.7872,51.966,22.1562,24,9.9375,14
microsoft/trocr-base-printed,priyank-m/SROIE_2019_text_recognition,bucketed-text-length,32,17,190.6641,167.8344,1.7812,3,1.1875,2
microsoft/trocr-base-printed,priyank-m/SROIE_2019_text_recognition,bucketed-text-length,32,18,614.7773,52.0514,22.1562,24,9.9375,14
microsoft/trocr-base-printed,priyank-m/SROIE_2019_text_recognition,bucketed-text-length,32,19,976.9458,32.7551,34.875,44,16.1562,23
microsoft/trocr-base-printed,priyank-m/SROIE_2019_text_recognition,bucketed-text-length,32,20,255.1186,125.4318,5.0,5,2.8438,4
microsoft/trocr-base-printed,priyank-m/SROIE_2019_text_recognition,bucketed-text-length,32,21,397.6087,80.4811,13.5625,16,6.3125,8
microsoft/trocr-base-printed,priyank-m/SROIE_2019_text_recognition,bucketed-text-length,32,22,968.6422,33.0359,34.875,44,16.1562,23
microsoft/trocr-base-printed,priyank-m/SROIE_2019_text_recognition,bucketed-text-length,32,23,971.4864,32.9392,34.875,44,16.1562,23
microsoft/trocr-base-printed,priyank-m/SROIE_2019_text_recognition,bucketed-text-length,32,24,691.7868,46.257,27.75,31,11.5,16
microsoft/trocr-base-printed,priyank-m/SROIE_2019_text_recognition,bucketed-text-length,32,25,190.6937,167.8084,1.7812,3,1.1875,2
microsoft/trocr-base-printed,priyank-m/SROIE_2019_text_recognition,bucketed-text-length,32,26,695.6619,45.9994,27.75,31,11.5,16
microsoft/trocr-base-printed,priyank-m/SROIE_2019_text_recognition,bucketed-text-length,32,27,356.7469,89.6995,9.8125,11,5.0,7
microsoft/trocr-base-printed,priyank-m/SROIE_2019_text_recognition,bucketed-text-length,32,28,256.8779,124.5728,4.75,5,2.8438,4
microsoft/trocr-base-printed,priyank-m/SROIE_2019_text_recognition,bucketed-text-length,32,29,292.9971,109.2161,7.6875,8,3.6875,5
microsoft/trocr-base-printed,priyank-m/SROIE_2019_text_recognition,bucketed-text-length,32,30,358.9615,89.146,9.8125,11,5.0,7
microsoft/trocr-base-printed,priyank-m/SROIE_2019_text_recognition,bucketed-text-length,32,31,255.5858,125.2026,5.3438,6,2.8438,4
microsoft/trocr-base-printed,priyank-m/SROIE_2019_text_recognition,bucketed-text-length,32,32,223.6632,143.0722,4.0,4,2.625,3
microsoft/trocr-base-printed,priyank-m/SROIE_2019_text_recognition,bucketed-text-length,32,33,156.8056,204.0744,1.0,1,1.0,1
microsoft/trocr-base-printed,priyank-m/SROIE_2019_text_recognition,bucketed-text-length,32,34,291.0651,109.941,7.6875,8,3.6875,5
microsoft/trocr-base-printed,priyank-m/SROIE_2019_text_recognition,bucketed-text-length,32,35,396.3938,80.7278,13.5625,16,6.3125,8
microsoft/trocr-base-printed,priyank-m/SROIE_2019_text_recognition,bucketed-text-length,32,36,156.9001,203.9515,1.0,1,1.0,1
microsoft/trocr-base-printed,priyank-m/SROIE_2019_text_recognition,bucketed-text-length,32,37,258.3547,123.8607,5.3438,6,2.8438,4
microsoft/trocr-base-printed,priyank-m/SROIE_2019_text_recognition,bucketed-text-length,32,38,221.1719,144.6839,4.0,4,2.625,3
microsoft/trocr-base-printed,priyank-m/SROIE_2019_text_recognition,bucketed-text-length,32,39,222.9346,143.5398,4.0,4,2.625,3
microsoft/trocr-base-printed,priyank-m/SROIE_2019_text_recognition,bucketed-text-length,32,40,190.3735,168.0906,1.7812,3,1.1875,2
microsoft/trocr-base-printed,priyank-m/SROIE_2019_text_recognition,bucketed-text-length,32,41,258.1906,123.9395,4.75,5,2.8438,4
microsoft/trocr-base-printed,priyank-m/SROIE_2019_text_recognition,bucketed-text-length,32,42,615.0862,52.0252,22.1562,24,9.9375,14
microsoft/trocr-base-printed,priyank-m/SROIE_2019_text_recognition,bucketed-text-length,32,43,360.1953,88.8407,9.8125,11,5.0,7
microsoft/trocr-base-printed,priyank-m/SROIE_2019_text_recognition,bucketed-text-length,32,44,614.5909,52.0672,22.1562,24,9.9375,14
microsoft/trocr-base-printed,priyank-m/SROIE_2019_text_recognition,bucketed-text-length,32,45,290.4592,110.1704,7.6875,8,3.6875,5
microsoft/trocr-base-printed,priyank-m/SROIE_2019_text_recognition,bucketed-text-length,32,46,290.4646,110.1683,6.3125,7,3.0625,5
microsoft/trocr-base-printed,priyank-m/SROIE_2019_text_recognition,bucketed-text-length,32,47,690.7214,46.3284,27.75,31,11.5,16
microsoft/trocr-base-printed,priyank-m/SROIE_2019_text_recognition,bucketed-text-length,32,48,502.8277,63.6401,18.375,20,8.375,11
microsoft/trocr-base-printed,priyank-m/SROIE_2019_text_recognition,bucketed-text-length,32,49,395.9824,80.8117,13.5625,16,6.3125,8
microsoft/trocr-base-printed,priyank-m/SROIE_2019_text_recognition,bucketed-text-length,64,0,691.2872,92.5809,12.6875,16,5.9531,8
microsoft/trocr-base-printed,priyank-m/SROIE_2019_text_recognition,bucketed-text-length,64,1,1076.4252,59.4561,20.2656,24,9.1562,14
microsoft/trocr-base-printed,priyank-m/SROIE_2019_text_recognition,bucketed-text-length,64,2,400.1139,159.9545,3.9375,4,2.5625,3
microsoft/trocr-base-printed,priyank-m/SROIE_2019_text_recognition,bucketed-text-length,64,3,691.4648,92.5571,12.6875,16,5.9531,8
microsoft/trocr-base-printed,priyank-m/SROIE_2019_text_recognition,bucketed-text-length,64,4,344.5481,185.7506,1.3906,3,1.0938,2
microsoft/trocr-base-printed,priyank-m/SROIE_2019_text_recognition,bucketed-text-length,64,5,344.8047,185.6123,1.3906,3,1.0938,2
microsoft/trocr-base-printed,priyank-m/SROIE_2019_text_recognition,bucketed-text-length,64,6,456.3478,140.2439,4.875,5,2.8438,4
microsoft/trocr-base-printed,priyank-m/SROIE_2019_text_recognition,bucketed-text-length,64,7,1068.4111,59.902,20.2656,24,9.1562,14
microsoft/trocr-base-printed,priyank-m/SROIE_2019_text_recognition,bucketed-text-length,64,8,631.9742,101.27,8.75,11,4.3438,7
microsoft/trocr-base-printed,priyank-m/SROIE_2019_text_recognition,bucketed-text-length,64,9,515.7885,124.0819,5.8281,7,2.9531,5
microsoft/trocr-base-printed,priyank-m/SROIE_2019_text_recognition,bucketed-text-length,64,10,456.5941,140.1682,4.875,5,2.8438,4
microsoft/trocr-base-printed,priyank-m/SROIE_2019_text_recognition,bucketed-text-length,64,11,343.9776,186.0586,1.3906,3,1.0938,2
microsoft/trocr-base-printed,priyank-m/SROIE_2019_text_recognition,bucketed-text-length,64,12,692.8989,92.3656,12.6875,16,5.9531,8
microsoft/trocr-base-printed,priyank-m/SROIE_2019_text_recognition,bucketed-text-length,64,13,691.248,92.5862,12.6875,16,5.9531,8
microsoft/trocr-base-printed,priyank-m/SROIE_2019_text_recognition,bucketed-text-length,64,14,631.0371,101.4203,8.75,11,4.3438,7
microsoft/trocr-base-printed,priyank-m/SROIE_2019_text_recognition,bucketed-text-length,64,15,345.0034,185.5054,1.3906,3,1.0938,2
microsoft/trocr-base-printed,priyank-m/SROIE_2019_text_recognition,bucketed-text-length,64,16,457.1869,139.9865,4.875,5,2.8438,4
microsoft/trocr-base-printed,priyank-m/SROIE_2019_text_recognition,bucketed-text-length,64,17,456.9521,140.0584,4.875,5,2.8438,4
microsoft/trocr-base-printed,priyank-m/SROIE_2019_text_recognition,bucketed-text-length,64,18,692.8752,92.3687,12.6875,16,5.9531,8
microsoft/trocr-base-printed,priyank-m/SROIE_2019_text_recognition,bucketed-text-length,64,19,514.4079,124.4149,5.8281,7,2.9531,5
microsoft/trocr-base-printed,priyank-m/SROIE_2019_text_recognition,bucketed-text-length,64,20,456.4213,140.2213,4.875,5,2.8438,4
microsoft/trocr-base-printed,priyank-m/SROIE_2019_text_recognition,bucketed-text-length,64,21,514.5366,124.3838,5.8281,7,2.9531,5
microsoft/trocr-base-printed,priyank-m/SROIE_2019_text_recognition,bucketed-text-length,64,22,691.4835,92.5546,12.6875,16,5.9531,8
microsoft/trocr-base-printed,priyank-m/SROIE_2019_text_recognition,bucketed-text-length,64,23,515.5506,124.1391,5.8281,7,2.9531,5
microsoft/trocr-base-printed,priyank-m/SROIE_2019_text_recognition,bucketed-text-length,64,24,345.6904,185.1367,1.3906,3,1.0938,2
microsoft/trocr-base-printed,priyank-m/SROIE_2019_text_recognition,bucketed-text-length,64,25,631.8246,101.2939,8.75,11,4.3438,7
microsoft/trocr-base-printed,priyank-m/SROIE_2019_text_recognition,bucketed-text-length,64,26,400.4205,159.832,3.9375,4,2.5625,3
microsoft/trocr-base-printed,priyank-m/SROIE_2019_text_recognition,bucketed-text-length,64,27,1705.9288,37.5162,31.3125,44,13.8281,23
microsoft/trocr-base-printed,priyank-m/SROIE_2019_text_recognition,bucketed-text-length,64,28,1704.0863,37.5568,31.3125,44,13.8281,23
microsoft/trocr-base-printed,priyank-m/SROIE_2019_text_recognition,bucketed-text-length,64,29,514.6383,124.3592,5.8281,7,2.9531,5
microsoft/trocr-base-printed,priyank-m/SROIE_2019_text_recognition,bucketed-text-length,64,30,1702.8947,37.5831,31.3125,44,13.8281,23
microsoft/trocr-base-printed,priyank-m/SROIE_2019_text_recognition,bucketed-text-length,64,31,456.778,140.1118,4.875,5,2.8438,4
microsoft/trocr-base-printed,priyank-m/SROIE_2019_text_recognition,bucketed-text-length,64,32,456.597,140.1674,4.875,5,2.8438,4
microsoft/trocr-base-printed,priyank-m/SROIE_2019_text_recognition,bucketed-text-length,64,33,345.46,185.2602,1.3906,3,1.0938,2
microsoft/trocr-base-printed,priyank-m/SROIE_2019_text_recognition,bucketed-text-length,64,34,693.2738,92.3156,12.6875,16,5.9531,8
microsoft/trocr-base-printed,priyank-m/SROIE_2019_text_recognition,bucketed-text-length,64,35,347.3964,184.2276,1.3906,3,1.0938,2
microsoft/trocr-base-printed,priyank-m/SROIE_2019_text_recognition,bucketed-text-length,64,36,635.4406,100.7175,8.75,11,4.3438,7
microsoft/trocr-base-printed,priyank-m/SROIE_2019_text_recognition,bucketed-text-length,64,37,1707.7335,37.4766,31.3125,44,13.8281,23
microsoft/trocr-base-printed,priyank-m/SROIE_2019_text_recognition,bucketed-text-length,64,38,694.3548,92.1719,12.6875,16,5.9531,8
microsoft/trocr-base-printed,priyank-m/SROIE_2019_text_recognition,bucketed-text-length,64,39,695.3792,92.0361,12.6875,16,5.9531,8
microsoft/trocr-base-printed,priyank-m/SROIE_2019_text_recognition,bucketed-text-length,64,40,696.5986,91.875,12.6875,16,5.9531,8
microsoft/trocr-base-printed,priyank-m/SROIE_2019_text_recognition,bucketed-text-length,64,41,698.4686,91.629,12.6875,16,5.9531,8
microsoft/trocr-base-printed,priyank-m/SROIE_2019_text_recognition,bucketed-text-length,64,42,633.3928,101.0431,8.75,11,4.3438,7
microsoft/trocr-base-printed,priyank-m/SROIE_2019_text_recognition,bucketed-text-length,64,43,401.2167,159.5148,3.9375,4,2.5625,3
microsoft/trocr-base-printed,priyank-m/SROIE_2019_text_recognition,bucketed-text-length,64,44,457.6979,139.8302,4.875,5,2.8438,4
microsoft/trocr-base-printed,priyank-m/SROIE_2019_text_recognition,bucketed-text-length,64,45,633.1478,101.0822,8.75,11,4.3438,7
microsoft/trocr-base-printed,priyank-m/SROIE_2019_text_recognition,bucketed-text-length,64,46,1707.4802,37.4821,31.3125,44,13.8281,23
microsoft/trocr-base-printed,priyank-m/SROIE_2019_text_recognition,bucketed-text-length,64,47,1073.4792,59.6192,20.2656,24,9.1562,14
microsoft/trocr-base-printed,priyank-m/SROIE_2019_text_recognition,bucketed-text-length,64,48,525.191,121.8604,5.8281,7,2.9531,5
microsoft/trocr-base-printed,priyank-m/SROIE_2019_text_recognition,bucketed-text-length,64,49,1077.9248,59.3733,20.2656,24,9.1562,14
