model_id,dataset_id,batch_size,iteration,latency_ms,images_per_second,text_length_mean,text_length_max,generated_tokens_mean,generated_tokens_max
microsoft/trocr-base-printed,priyank-m/SROIE_2019_text_recognition,4,0,183.405,21.8097,14.0,30,6.25,13
microsoft/trocr-base-printed,priyank-m/SROIE_2019_text_recognition,4,1,151.5703,26.3904,18.5,31,6.75,10
microsoft/trocr-base-printed,priyank-m/SROIE_2019_text_recognition,4,2,262.823,15.2194,15.25,33,9.0,19
microsoft/trocr-base-printed,priyank-m/SROIE_2019_text_recognition,4,3,99.2745,40.2923,5.75,13,3.25,6
microsoft/trocr-base-printed,priyank-m/SROIE_2019_text_recognition,4,4,139.3331,28.7082,7.0,20,3.25,9
microsoft/trocr-base-printed,priyank-m/SROIE_2019_text_recognition,4,5,165.2516,24.2055,10.5,20,5.75,11
microsoft/trocr-base-printed,priyank-m/SROIE_2019_text_recognition,4,6,64.621,61.8994,5.5,7,2.75,3
microsoft/trocr-base-printed,priyank-m/SROIE_2019_text_recognition,4,7,173.0163,23.1192,10.5,19,5.5,11
microsoft/trocr-base-printed,priyank-m/SROIE_2019_text_recognition,4,8,160.484,24.9246,9.5,19,5.0,9
microsoft/trocr-base-printed,priyank-m/SROIE_2019_text_recognition,4,9,88.9516,44.9683,6.25,10,3.5,4
microsoft/trocr-base-printed,priyank-m/SROIE_2019_text_recognition,4,10,103.799,38.536,8.25,15,4.0,5
microsoft/trocr-base-printed,priyank-m/SROIE_2019_text_recognition,4,11,176.3816,22.6781,7.75,18,4.25,10
microsoft/trocr-base-printed,priyank-m/SROIE_2019_text_recognition,4,12,87.5751,45.6751,5.25,13,2.25,5
microsoft/trocr-base-printed,priyank-m/SROIE_2019_text_recognition,4,13,58.877,67.9383,1.5,3,1.25,2
microsoft/trocr-base-printed,priyank-m/SROIE_2019_text_recognition,4,14,216.1835,18.5028,14.5,37,6.75,15
microsoft/trocr-base-printed,priyank-m/SROIE_2019_text_recognition,4,15,137.9155,29.0033,13.0,20,6.75,9
microsoft/trocr-base-printed,priyank-m/SROIE_2019_text_recognition,4,16,62.2289,64.2788,2.75,5,2.0,3
microsoft/trocr-base-printed,priyank-m/SROIE_2019_text_recognition,4,17,89.7286,44.5789,6.25,12,3.25,5
microsoft/trocr-base-printed,priyank-m/SROIE_2019_text_recognition,4,18,160.4374,24.9318,12.75,24,6.25,11
microsoft/trocr-base-printed,priyank-m/SROIE_2019_text_recognition,4,19,196.9353,20.3112,13.5,41,5.25,14
microsoft/trocr-base-printed,priyank-m/SROIE_2019_text_recognition,4,20,161.6892,24.7388,15.25,24,6.75,11
microsoft/trocr-base-printed,priyank-m/SROIE_2019_text_recognition,4,21,224.6241,17.8075,13.75,25,8.0,16
microsoft/trocr-base-printed,priyank-m/SROIE_2019_text_recognition,4,22,236.8049,16.8915,14.5,39,6.75,17
microsoft/trocr-base-printed,priyank-m/SROIE_2019_text_recognition,4,23,249.5695,16.0276,15.75,25,9.0,16
microsoft/trocr-base-printed,priyank-m/SROIE_2019_text_recognition,4,24,194.2272,20.5944,10.0,20,5.5,11
microsoft/trocr-base-printed,priyank-m/SROIE_2019_text_recognition,4,25,117.238,34.1186,6.75,12,3.25,6
microsoft/trocr-base-printed,priyank-m/SROIE_2019_text_recognition,4,26,225.7585,17.718,11.75,30,5.5,13
microsoft/trocr-base-printed,priyank-m/SROIE_2019_text_recognition,4,27,94.2377,42.4459,6.25,15,2.5,5
microsoft/trocr-base-printed,priyank-m/SROIE_2019_text_recognition,4,28,239.8051,16.6802,18.0,32,10.5,17
microsoft/trocr-base-printed,priyank-m/SROIE_2019_text_recognition,4,29,166.0811,24.0846,10.25,20,5.25,11
microsoft/trocr-base-printed,priyank-m/SROIE_2019_text_recognition,4,30,210.4779,19.0044,13.5,32,6.5,14
microsoft/trocr-base-printed,priyank-m/SROIE_2019_text_recognition,4,31,206.1699,19.4015,14.5,30,6.0,13
microsoft/trocr-base-printed,priyank-m/SROIE_2019_text_recognition,4,32,85.5674,46.7468,2.5,5,2.0,4
microsoft/trocr-base-printed,priyank-m/SROIE_2019_text_recognition,4,33,186.6948,21.4253,19.25,31,7.75,11
microsoft/trocr-base-printed,priyank-m/SROIE_2019_text_recognition,4,34,179.9988,22.2224,10.5,23,5.0,11
microsoft/trocr-base-printed,priyank-m/SROIE_2019_text_recognition,4,35,183.0085,21.8569,18.25,34,7.5,11
microsoft/trocr-base-printed,priyank-m/SROIE_2019_text_recognition,4,36,184.1732,21.7187,16.25,28,7.75,13
microsoft/trocr-base-printed,priyank-m/SROIE_2019_text_recognition,4,37,102.5591,39.0019,12.25,19,5.0,6
microsoft/trocr-base-printed,priyank-m/SROIE_2019_text_recognition,4,38,222.6815,17.9629,13.0,33,6.5,15
microsoft/trocr-base-printed,priyank-m/SROIE_2019_text_recognition,4,39,165.2032,24.2126,9.75,24,4.25,9
microsoft/trocr-base-printed,priyank-m/SROIE_2019_text_recognition,4,40,72.6206,55.0808,4.0,6,2.5,3
microsoft/trocr-base-printed,priyank-m/SROIE_2019_text_recognition,4,41,188.2615,21.247,13.5,30,6.5,11
microsoft/trocr-base-printed,priyank-m/SROIE_2019_text_recognition,4,42,84.4879,47.344,5.25,8,3.25,4
microsoft/trocr-base-printed,priyank-m/SROIE_2019_text_recognition,4,43,193.8541,20.6341,12.75,31,5.75,13
microsoft/trocr-base-printed,priyank-m/SROIE_2019_text_recognition,4,44,229.9749,17.3932,14.5,37,7.25,16
microsoft/trocr-base-printed,priyank-m/SROIE_2019_text_recognition,4,45,252.6547,15.8319,18.25,32,9.5,18
microsoft/trocr-base-printed,priyank-m/SROIE_2019_text_recognition,4,46,86.8732,46.0441,6.5,10,3.5,5
microsoft/trocr-base-printed,priyank-m/SROIE_2019_text_recognition,4,47,160.982,24.8475,14.0,27,6.0,11
microsoft/trocr-base-printed,priyank-m/SROIE_2019_text_recognition,4,48,179.466,22.2883,15.5,32,6.25,12
microsoft/trocr-base-printed,priyank-m/SROIE_2019_text_recognition,4,49,250.9392,15.9401,18.0,32,7.75,18
microsoft/trocr-base-printed,priyank-m/SROIE_2019_text_recognition,8,0,358.2748,22.3292,13.5,33,6.875,19
microsoft/trocr-base-printed,priyank-m/SROIE_2019_text_recognition,8,1,251.9223,31.7558,9.75,23,5.125,12
microsoft/trocr-base-printed,priyank-m/SROIE_2019_text_recognition,8,2,274.5563,29.1379,11.125,30,5.125,12
microsoft/trocr-base-printed,priyank-m/SROIE_2019_text_recognition,8,3,256.2245,31.2226,8.5,26,4.0,12
microsoft/trocr-base-printed,priyank-m/SROIE_2019_text_recognition,8,4,136.2796,58.7029,8.875,27,3.375,6
microsoft/trocr-base-printed,priyank-m/SROIE_2019_text_recognition,8,5,353.0472,22.6599,13.125,33,6.625,19
microsoft/trocr-base-printed,priyank-m/SROIE_2019_text_recognition,8,6,221.9012,36.0521,9.5,21,4.875,11
microsoft/trocr-base-printed,priyank-m/SROIE_2019_text_recognition,8,7,232.2105,34.4515,8.875,23,4.875,11
microsoft/trocr-base-printed,priyank-m/SROIE_2019_text_recognition,8,8,333.2587,24.0054,10.875,30,5.375,15
microsoft/trocr-base-printed,priyank-m/SROIE_2019_text_recognition,8,9,213.2661,37.5118,7.5,19,3.875,9
microsoft/trocr-base-printed,priyank-m/SROIE_2019_text_recognition,8,10,305.2313,26.2096,16.75,32,8.375,14
microsoft/trocr-base-printed,priyank-m/SROIE_2019_text_recognition,8,11,354.6612,22.5567,18.25,39,8.375,17
microsoft/trocr-base-printed,priyank-m/SROIE_2019_text_recognition,8,12,261.2845,30.618,16.375,30,7.125,13
microsoft/trocr-base-printed,priyank-m/SROIE_2019_text_recognition,8,13,168.5609,47.4606,8.875,19,3.75,7
microsoft/trocr-base-printed,priyank-m/SROIE_2019_text_recognition,8,14,300.342,26.6363,9.875,23,4.75,13
microsoft/trocr-base-printed,priyank-m/SROIE_2019_text_recognition,8,15,165.0899,48.4584,8.625,17,4.0,7
microsoft/trocr-base-printed,priyank-m/SROIE_2019_text_recognition,8,16,253.4352,31.5663,9.875,31,4.625,12
microsoft/trocr-base-printed,priyank-m/SROIE_2019_text_recognition,8,17,201.4007,39.7218,7.75,18,4.0,9
microsoft/trocr-base-printed,priyank-m/SROIE_2019_text_recognition,8,18,163.6265,48.8918,7.5,18,3.5,7
microsoft/trocr-base-printed,priyank-m/SROIE_2019_text_recognition,8,19,269.374,29.6985,8.5,29,4.125,13
microsoft/trocr-base-printed,priyank-m/SROIE_2019_text_recognition,8,20,304.8662,26.241,10.75,30,5.25,15
microsoft/trocr-base-printed,priyank-m/SROIE_2019_text_recognition,8,21,177.1916,45.1489,7.5,17,4.0,8
microsoft/trocr-base-printed,priyank-m/SROIE_2019_text_recognition,8,22,316.6755,25.2624,11.875,35,5.5,14
microsoft/trocr-base-printed,priyank-m/SROIE_2019_text_recognition,8,23,261.6378,30.5766,10.125,24,5.25,13
microsoft/trocr-base-printed,priyank-m/SROIE_2019_text_recognition,8,24,319.1705,25.065,8.0,39,4.25,17
microsoft/trocr-base-printed,priyank-m/SROIE_2019_text_recognition,8,25,352.586,22.6895,12.5,33,6.75,19
microsoft/trocr-base-printed,priyank-m/SROIE_2019_text_recognition,8,26,379.7879,21.0644,10.75,39,5.875,20
microsoft/trocr-base-printed,priyank-m/SROIE_2019_text_recognition,8,27,186.2792,42.9463,10.125,18,5.125,9
microsoft/trocr-base-printed,priyank-m/SROIE_2019_text_recognition,8,28,240.147,33.3129,9.375,27,4.375,12
microsoft/trocr-base-printed,priyank-m/SROIE_2019_text_recognition,8,29,188.879,42.3551,10.375,20,4.625,9
microsoft/trocr-base-printed,priyank-m/SROIE_2019_text_recognition,8,30,178.3519,44.8551,8.25,24,3.375,7
microsoft/trocr-base-printed,priyank-m/SROIE_2019_text_recognition,8,31,159.1744,50.2593,6.75,13,3.125,6
microsoft/trocr-base-printed,priyank-m/SROIE_2019_text_recognition,8,32,256.608,31.176,9.5,22,4.75,11
microsoft/trocr-base-printed,priyank-m/SROIE_2019_text_recognition,8,33,344.5961,23.2156,14.875,36,6.75,18
microsoft/trocr-base-printed,priyank-m/SROIE_2019_text_recognition,8,34,242.1285,33.0403,9.375,23,4.875,12
microsoft/trocr-base-printed,priyank-m/SROIE_2019_text_recognition,8,35,341.6457,23.4161,13.75,36,6.375,18
microsoft/trocr-base-printed,priyank-m/SROIE_2019_text_recognition,8,36,230.1033,34.767,10.0,27,4.25,11
microsoft/trocr-base-printed,priyank-m/SROIE_2019_text_recognition,8,37,273.9493,29.2025,14.0,35,5.75,14
microsoft/trocr-base-printed,priyank-m/SROIE_2019_text_recognition,8,38,282.236,28.3451,12.5,31,5.25,15
microsoft/trocr-base-printed,priyank-m/SROIE_2019_text_recognition,8,39,151.1187,52.9385,9.375,19,3.75,7
microsoft/trocr-base-printed,priyank-m/SROIE_2019_text_recognition,8,40,153.5627,52.096,7.375,13,4.25,7
microsoft/trocr-base-printed,priyank-m/SROIE_2019_text_recognition,8,41,151.2481,52.8932,5.25,14,3.125,7
microsoft/trocr-base-printed,priyank-m/SROIE_2019_text_recognition,8,42,185.7258,43.0743,9.625,29,3.875,7
microsoft/trocr-base-printed,priyank-m/SROIE_2019_text_recognition,8,43,214.3867,37.3158,7.5,22,3.875,8
microsoft/trocr-base-printed,priyank-m/SROIE_2019_text_recognition,8,44,120.0649,66.6307,5.25,10,2.75,4
microsoft/trocr-base-printed,priyank-m/SROIE_2019_text_recognition,8,45,215.4731,37.1276,7.5,29,3.5,10
microsoft/trocr-base-printed,priyank-m/SROIE_2019_text_recognition,8,46,378.5699,21.1322,13.375,39,6.875,20
microsoft/trocr-base-printed,priyank-m/SROIE_2019_text_recognition,8,47,197.7413,40.4569,6.75,27,3.0,9
microsoft/trocr-base-printed,priyank-m/SROIE_2019_text_recognition,8,48,279.7022,28.6018,11.5,32,4.875,14
microsoft/trocr-base-printed,priyank-m/SROIE_2019_text_recognition,8,49,371.927,21.5096,12.25,33,6.0,19
microsoft/trocr-base-printed,priyank-m/SROIE_2019_text_recognition,16,0,291.3505,54.9167,8.1875,21,4.25,11
microsoft/trocr-base-printed,priyank-m/SROIE_2019_text_recognition,16,1,462.6996,34.5797,11.5625,36,5.8125,18
microsoft/trocr-base-printed,priyank-m/SROIE_2019_text_recognition,16,2,333.0093,48.0467,9.875,31,4.8125,13
microsoft/trocr-base-printed,priyank-m/SROIE_2019_text_recognition,16,3,374.1248,42.7665,14.5625,33,6.625,15
microsoft/trocr-base-printed,priyank-m/SROIE_2019_text_recognition,16,4,263.8936,60.6305,10.0,27,4.6875,10
microsoft/trocr-base-printed,priyank-m/SROIE_2019_text_recognition,16,5,243.479,65.7141,8.625,20,4.1875,9
microsoft/trocr-base-printed,priyank-m/SROIE_2019_text_recognition,16,6,411.1326,38.9169,10.875,39,5.4375,17
microsoft/trocr-base-printed,priyank-m/SROIE_2019_text_recognition,16,7,415.5575,38.5025,12.5625,39,5.9375,17
microsoft/trocr-base-printed,priyank-m/SROIE_2019_text_recognition,16,8,398.0485,40.1961,13.375,34,6.1875,16
microsoft/trocr-base-printed,priyank-m/SROIE_2019_text_recognition,16,9,414.6241,38.5892,16.6875,41,7.8125,17
microsoft/trocr-base-printed,priyank-m/SROIE_2019_text_recognition,16,10,461.7689,34.6494,9.8125,33,4.875,19
microsoft/trocr-base-printed,priyank-m/SROIE_2019_text_recognition,16,11,311.0971,51.4309,9.75,27,5.0625,12
microsoft/trocr-base-printed,priyank-m/SROIE_2019_text_recognition,16,12,553.7188,28.8955,12.0625,44,6.25,23
microsoft/trocr-base-printed,priyank-m/SROIE_2019_text_recognition,16,13,393.7396,40.636,11.625,37,5.5,16
microsoft/trocr-base-printed,priyank-m/SROIE_2019_text_recognition,16,14,441.8024,36.2153,9.4375,38,4.5,18
microsoft/trocr-base-printed,priyank-m/SROIE_2019_text_recognition,16,15,436.4629,36.6583,9.6875,32,5.0,18
microsoft/trocr-base-printed,priyank-m/SROIE_2019_text_recognition,16,16,461.6449,34.6587,11.6875,35,5.875,19
microsoft/trocr-base-printed,priyank-m/SROIE_2019_text_recognition,16,17,416.9842,38.3708,15.8125,39,7.625,17
microsoft/trocr-base-printed,priyank-m/SROIE_2019_text_recognition,16,18,370.5477,43.1793,11.9375,33,5.8125,15
microsoft/trocr-base-printed,priyank-m/SROIE_2019_text_recognition,16,19,357.5756,44.7458,14.8125,35,6.625,14
microsoft/trocr-base-printed,priyank-m/SROIE_2019_text_recognition,16,20,248.2472,64.4519,9.375,29,4.125,9
microsoft/trocr-base-printed,priyank-m/SROIE_2019_text_recognition,16,21,246.284,64.9657,8.125,21,3.875,9
microsoft/trocr-base-printed,priyank-m/SROIE_2019_text_recognition,16,22,372.2273,42.9845,12.0625,30,6.0625,15
microsoft/trocr-base-printed,priyank-m/SROIE_2019_text_recognition,16,23,306.7985,52.1515,8.125,26,4.1875,12
microsoft/trocr-base-printed,priyank-m/SROIE_2019_text_recognition,16,24,437.0092,36.6125,12.75,36,6.6875,18
microsoft/trocr-base-printed,priyank-m/SROIE_2019_text_recognition,16,25,285.9784,55.9483,7.4375,18,4.0,11
microsoft/trocr-base-printed,priyank-m/SROIE_2019_text_recognition,16,26,372.7597,42.9231,10.0,31,5.25,15
microsoft/trocr-base-printed,priyank-m/SROIE_2019_text_recognition,16,27,309.0119,51.7779,11.1875,26,5.0,12
microsoft/trocr-base-printed,priyank-m/SROIE_2019_text_recognition,16,28,348.5823,45.9002,12.625,30,6.125,14
microsoft/trocr-base-printed,priyank-m/SROIE_2019_text_recognition,16,29,463.0316,34.5549,14.0,33,6.875,19
microsoft/trocr-base-printed,priyank-m/SROIE_2019_text_recognition,16,30,394.7832,40.5286,8.8125,37,4.6875,16
microsoft/trocr-base-printed,priyank-m/SROIE_2019_text_recognition,16,31,226.4306,70.6618,7.8125,21,3.8125,8
microsoft/trocr-base-printed,priyank-m/SROIE_2019_text_recognition,16,32,401.2329,39.8771,10.125,25,5.0,16
microsoft/trocr-base-printed,priyank-m/SROIE_2019_text_recognition,16,33,424.6812,37.6753,13.1875,39,5.75,17
microsoft/trocr-base-printed,priyank-m/SROIE_2019_text_recognition,16,34,461.36,34.6801,15.8125,35,7.6875,19
microsoft/trocr-base-printed,priyank-m/SROIE_2019_text_recognition,16,35,375.9793,42.5555,10.9375,33,4.8125,15
microsoft/trocr-base-printed,priyank-m/SROIE_2019_text_recognition,16,36,486.4805,32.8893,13.125,40,6.4375,20
microsoft/trocr-base-printed,priyank-m/SROIE_2019_text_recognition,16,37,309.1627,51.7527,9.5625,25,4.625,12
microsoft/trocr-base-printed,priyank-m/SROIE_2019_text_recognition,16,38,419.9372,38.1009,11.75,39,5.0625,17
microsoft/trocr-base-printed,priyank-m/SROIE_2019_text_recognition,16,39,331.9121,48.2055,11.5625,28,5.0625,13
microsoft/trocr-base-printed,priyank-m/SROIE_2019_text_recognition,16,40,179.3039,89.234,6.0625,19,2.9375,6
microsoft/trocr-base-printed,priyank-m/SROIE_2019_text_recognition,16,41,555.9489,28.7796,13.1875,38,6.3125,23
microsoft/trocr-base-printed,priyank-m/SROIE_2019_text_recognition,16,42,462.9904,34.558,12.125,33,5.25,19
microsoft/trocr-base-printed,priyank-m/SROIE_2019_text_recognition,16,43,336.486,47.5503,10.0,30,4.5625,13
microsoft/trocr-base-printed,priyank-m/SROIE_2019_text_recognition,16,44,393.7273,40.6373,8.5625,37,4.3125,16
microsoft/trocr-base-printed,priyank-m/SROIE_2019_text_recognition,16,45,392.0622,40.8099,7.875,35,4.0,16
microsoft/trocr-base-printed,priyank-m/SROIE_2019_text_recognition,16,46,488.1111,32.7794,11.1875,40,5.5,20
microsoft/trocr-base-printed,priyank-m/SROIE_2019_text_recognition,16,47,328.6827,48.6792,12.25,27,5.3125,13
microsoft/trocr-base-printed,priyank-m/SROIE_2019_text_recognition,16,48,330.3694,48.4306,10.9375,24,5.5625,13
microsoft/trocr-base-printed,priyank-m/SROIE_2019_text_recognition,16,49,380.1448,42.0892,9.5,31,4.375,15
microsoft/trocr-base-printed,priyank-m/SROIE_2019_text_recognition,32,0,969.296,33.0137,10.875,38,5.125,23
microsoft/trocr-base-printed,priyank-m/SROIE_2019_text_recognition,32,1,841.2076,38.0406,11.0,40,5.2812,20
microsoft/trocr-base-printed,priyank-m/SROIE_2019_text_recognition,32,2,972.5376,32.9036,8.125,44,4.0938,23
microsoft/trocr-base-printed,priyank-m/SROIE_2019_text_recognition,32,3,970.1526,32.9845,10.4375,38,4.9688,23
microsoft/trocr-base-printed,priyank-m/SROIE_2019_text_recognition,32,4,765.4133,41.8075,13.4375,39,6.2812,18
microsoft/trocr-base-printed,priyank-m/SROIE_2019_text_recognition,32,5,805.1366,39.7448,13.625,35,6.4688,19
microsoft/trocr-base-printed,priyank-m/SROIE_2019_text_recognition,32,6,693.7047,46.1291,11.1875,35,5.5,16
microsoft/trocr-base-printed,priyank-m/SROIE_2019_text_recognition,32,7,849.6184,37.664,10.3125,39,5.4062,20
microsoft/trocr-base-printed,priyank-m/SROIE_2019_text_recognition,32,8,576.5665,55.501,13.25,27,6.0312,13
microsoft/trocr-base-printed,priyank-m/SROIE_2019_text_recognition,32,9,695.285,46.0243,11.375,37,5.4062,16
microsoft/trocr-base-printed,priyank-m/SROIE_2019_text_recognition,32,10,616.4307,51.9118,8.9062,32,4.5938,14
microsoft/trocr-base-printed,priyank-m/SROIE_2019_text_recognition,32,11,728.1155,43.9491,9.4062,39,4.6562,17
microsoft/trocr-base-printed,priyank-m/SROIE_2019_text_recognition,32,12,732.061,43.7122,11.875,39,5.4062,17
microsoft/trocr-base-printed,priyank-m/SROIE_2019_text_recognition,32,13,968.8154,33.03,9.9062,44,4.9375,23
microsoft/trocr-base-printed,priyank-m/SROIE_2019_text_recognition,32,14,969.2798,33.0142,16.4062,44,7.3438,23
microsoft/trocr-base-printed,priyank-m/SROIE_2019_text_recognition,32,15,727.5022,43.9861,9.25,32,4.875,17
microsoft/trocr-base-printed,priyank-m/SROIE_2019_text_recognition,32,16,968.5503,33.0391,13.0,44,6.2188,23
microsoft/trocr-base-printed,priyank-m/SROIE_2019_text_recognition,32,17,653.717,48.9508,12.4688,30,6.0312,15
microsoft/trocr-base-printed,priyank-m/SROIE_2019_text_recognition,32,18,809.5844,39.5265,8.25,33,4.4688,19
microsoft/trocr-base-printed,priyank-m/SROIE_2019_text_recognition,32,19,808.383,39.5852,14.3438,35,6.8125,19
microsoft/trocr-base-printed,priyank-m/SROIE_2019_text_recognition,32,20,615.9925,51.9487,9.875,32,4.5938,14
microsoft/trocr-base-printed,priyank-m/SROIE_2019_text_recognition,32,21,807.1621,39.6451,10.4688,33,5.5,19
microsoft/trocr-base-printed,priyank-m/SROIE_2019_text_recognition,32,22,847.0081,37.78,13.6562,41,6.1562,20
microsoft/trocr-base-printed,priyank-m/SROIE_2019_text_recognition,32,23,767.7394,41.6808,10.3125,36,4.9375,18
microsoft/trocr-base-printed,priyank-m/SROIE_2019_text_recognition,32,24,805.9473,39.7048,9.75,33,5.125,19
microsoft/trocr-base-printed,priyank-m/SROIE_2019_text_recognition,32,25,578.0307,55.3604,7.6875,34,3.7812,13
microsoft/trocr-base-printed,priyank-m/SROIE_2019_text_recognition,32,26,771.6145,41.4715,11.8125,37,5.5,18
microsoft/trocr-base-printed,priyank-m/SROIE_2019_text_recognition,32,27,727.2741,43.9999,12.3125,34,5.8125,17
microsoft/trocr-base-printed,priyank-m/SROIE_2019_text_recognition,32,28,765.4766,41.804,8.625,36,4.3125,18
microsoft/trocr-base-printed,priyank-m/SROIE_2019_text_recognition,32,29,691.6424,46.2667,12.1875,41,5.5625,16
microsoft/trocr-base-printed,priyank-m/SROIE_2019_text_recognition,32,30,843.6154,37.932,11.9688,39,5.7188,20
microsoft/trocr-base-printed,priyank-m/SROIE_2019_text_recognition,32,31,691.9937,46.2432,13.0625,37,6.0625,16
microsoft/trocr-base-printed,priyank-m/SROIE_2019_text_recognition,32,32,846.6586,37.7956,11.6875,39,5.5,20
microsoft/trocr-base-printed,priyank-m/SROIE_2019_text_recognition,32,33,805.1729,39.743,10.9375,33,5.9375,19
microsoft/trocr-base-printed,priyank-m/SROIE_2019_text_recognition,32,34,652.2179,49.0634,10.375,32,5.0312,15
microsoft/trocr-base-printed,priyank-m/SROIE_2019_text_recognition,32,35,845.798,37.8341,11.6562,41,5.1875,20
microsoft/trocr-base-printed,priyank-m/SROIE_2019_text_recognition,32,36,970.7802,32.9632,13.5625,40,6.3125,23
microsoft/trocr-base-printed,priyank-m/SROIE_2019_text_recognition,32,37,690.2841,46.3577,9.375,29,4.875,16
microsoft/trocr-base-printed,priyank-m/SROIE_2019_text_recognition,32,38,581.4615,55.0337,11.0625,26,5.25,13
microsoft/trocr-base-printed,priyank-m/SROIE_2019_text_recognition,32,39,768.3732,41.6464,14.6875,39,6.7812,18
microsoft/trocr-base-printed,priyank-m/SROIE_2019_text_recognition,32,40,807.5394,39.6266,12.4062,41,6.0312,19
microsoft/trocr-base-printed,priyank-m/SROIE_2019_text_recognition,32,41,693.5342,46.1405,11.7188,28,5.6562,16
microsoft/trocr-base-printed,priyank-m/SROIE_2019_text_recognition,32,42,614.2937,52.0923,9.25,31,4.5938,14
microsoft/trocr-base-printed,priyank-m/SROIE_2019_text_recognition,32,43,577.6654,55.3954,9.0938,31,4.375,13
microsoft/trocr-base-printed,priyank-m/SROIE_2019_text_recognition,32,44,578.0155,55.3618,9.4688,29,4.5312,13
microsoft/trocr-base-printed,priyank-m/SROIE_2019_text_recognition,32,45,850.7444,37.6141,10.4375,40,5.125,20
microsoft/trocr-base-printed,priyank-m/SROIE_2019_text_recognition,32,46,967.6396,33.0702,13.5938,44,6.4375,23
microsoft/trocr-base-printed,priyank-m/SROIE_2019_text_recognition,32,47,808.5587,39.5766,10.9062,34,5.1562,19
microsoft/trocr-base-printed,priyank-m/SROIE_2019_text_recognition,32,48,768.2455,41.6534,12.9688,38,6.0,18
microsoft/trocr-base-printed,priyank-m/SROIE_2019_text_recognition,32,49,972.3707,32.9093,12.2812,38,6.2812,23
microsoft/trocr-base-printed,priyank-m/SROIE_2019_text_recognition,64,0,1357.6963,47.1387,10.6719,37,5.1094,18
microsoft/trocr-base-printed,priyank-m/SROIE_2019_text_recognition,64,1,1354.2323,47.2592,11.8438,39,5.4688,18
microsoft/trocr-base-printed,priyank-m/SROIE_2019_text_recognition,64,2,1429.8135,44.7611,11.2812,35,5.2188,19
microsoft/trocr-base-printed,priyank-m/SROIE_2019_text_recognition,64,3,1355.5411,47.2136,9.9844,38,4.7969,18
microsoft/trocr-base-printed,priyank-m/SROIE_2019_text_recognition,64,4,1424.1918,44.9378,13.1875,39,6.4219,19
microsoft/trocr-base-printed,priyank-m/SROIE_2019_text_recognition,64,5,1424.0819,44.9412,10.2344,33,4.9531,19
microsoft/trocr-base-printed,priyank-m/SROIE_2019_text_recognition,64,6,1722.5847,37.1535,11.3594,44,5.7812,23
microsoft/trocr-base-printed,priyank-m/SROIE_2019_text_recognition,64,7,1719.8674,37.2122,11.75,38,5.7031,23
microsoft/trocr-base-printed,priyank-m/SROIE_2019_text_recognition,64,8,1017.3049,62.9113,8.7656,30,4.3438,13
microsoft/trocr-base-printed,priyank-m/SROIE_2019_text_recognition,64,9,1355.7245,47.2072,11.125,36,5.2656,18
microsoft/trocr-base-printed,priyank-m/SROIE_2019_text_recognition,64,10,1357.8334,47.1339,10.0469,32,4.4844,18
microsoft/trocr-base-printed,priyank-m/SROIE_2019_text_recognition,64,11,1217.0362,52.5868,10.6094,33,4.9062,16
microsoft/trocr-base-printed,priyank-m/SROIE_2019_text_recognition,64,12,1426.6603,44.86,11.25,37,5.5625,19
microsoft/trocr-base-printed,priyank-m/SROIE_2019_text_recognition,64,13,1720.7516,37.193,12.0938,44,5.7969,23
microsoft/trocr-base-printed,priyank-m/SROIE_2019_text_recognition,64,14,1430.7107,44.733,10.2812,34,4.7656,19
microsoft/trocr-base-printed,priyank-m/SROIE_2019_text_recognition,64,15,1216.2996,52.6186,10.3594,41,5.1875,16
microsoft/trocr-base-printed,priyank-m/SROIE_2019_text_recognition,64,16,1719.6035,37.2179,9.0781,44,4.5469,23
microsoft/trocr-base-printed,priyank-m/SROIE_2019_text_recognition,64,17,1286.1263,49.7618,10.3125,39,4.7812,17
microsoft/trocr-base-printed,priyank-m/SROIE_2019_text_recognition,64,18,1501.2656,42.6307,11.0,40,5.3906,20
microsoft/trocr-base-printed,priyank-m/SROIE_2019_text_recognition,64,19,1358.3628,47.1155,8.4844,36,4.3906,18
microsoft/trocr-base-printed,priyank-m/SROIE_2019_text_recognition,64,20,1716.6709,37.2815,10.8438,38,5.5156,23
microsoft/trocr-base-printed,priyank-m/SROIE_2019_text_recognition,64,21,1354.4186,47.2527,10.3438,41,4.8281,18
microsoft/trocr-base-printed,priyank-m/SROIE_2019_text_recognition,64,22,1085.5052,58.9587,9.8125,35,4.7188,14
microsoft/trocr-base-printed,priyank-m/SROIE_2019_text_recognition,64,23,1289.7684,49.6213,12.0625,39,5.6406,17
microsoft/trocr-base-printed,priyank-m/SROIE_2019_text_recognition,64,24,1719.0983,37.2288,10.3125,38,5.1406,23
microsoft/trocr-base-printed,priyank-m/SROIE_2019_text_recognition,64,25,1722.2836,37.16,11.1875,38,5.6875,23
microsoft/trocr-base-printed,priyank-m/SROIE_2019_text_recognition,64,26,1432.0197,44.6921,12.8281,39,6.3281,19
microsoft/trocr-base-printed,priyank-m/SROIE_2019_text_recognition,64,27,1428.2971,44.8086,11.0469,37,5.2656,19
microsoft/trocr-base-printed,priyank-m/SROIE_2019_text_recognition,64,28,1723.1847,37.1405,15.2188,41,6.9688,23
microsoft/trocr-base-printed,priyank-m/SROIE_2019_text_recognition,64,29,1429.9074,44.7581,9.7812,33,4.7031,19
microsoft/trocr-base-printed,priyank-m/SROIE_2019_text_recognition,64,30,1718.1954,37.2484,11.4531,44,5.5156,23
microsoft/trocr-base-printed,priyank-m/SROIE_2019_text_recognition,64,31,1496.3135,42.7718,10.8125,40,5.2188,20
microsoft/trocr-base-printed,priyank-m/SROIE_2019_text_recognition,64,32,1723.5743,37.1321,11.2969,44,5.4531,23
microsoft/trocr-base-printed,priyank-m/SROIE_2019_text_recognition,64,33,1360.1434,47.0539,8.9062,32,4.4219,18
microsoft/trocr-base-printed,priyank-m/SROIE_2019_text_recognition,64,34,1427.5909,44.8308,11.5938,39,5.5781,19
microsoft/trocr-base-printed,priyank-m/SROIE_2019_text_recognition,64,35,1431.2586,44.7159,10.2344,36,5.0625,19
microsoft/trocr-base-printed,priyank-m/SROIE_2019_text_recognition,64,36,1427.2294,44.8421,11.9531,37,5.7812,19
microsoft/trocr-base-printed,priyank-m/SROIE_2019_text_recognition,64,37,1723.1021,37.1423,11.1562,38,5.5312,23
microsoft/trocr-base-printed,priyank-m/SROIE_2019_text_recognition,64,38,1431.0614,44.722,10.375,37,4.8438,19
microsoft/trocr-base-printed,priyank-m/SROIE_2019_text_recognition,64,39,1426.7417,44.8575,12.2656,35,5.875,19
microsoft/trocr-base-printed,priyank-m/SROIE_2019_text_recognition,64,40,1291.9282,49.5384,10.7031,39,4.8438,17
microsoft/trocr-base-printed,priyank-m/SROIE_2019_text_recognition,64,41,1364.2349,46.9127,13.0781,39,6.1094,18
microsoft/trocr-base-printed,priyank-m/SROIE_2019_text_recognition,64,42,1291.7018,49.547,11.9375,39,5.5781,17
microsoft/trocr-base-printed,priyank-m/SROIE_2019_text_recognition,64,43,1286.8086,49.7354,9.6875,39,4.7188,17
microsoft/trocr-base-printed,priyank-m/SROIE_2019_text_recognition,64,44,1432.8422,44.6665,10.875,35,5.2031,19
microsoft/trocr-base-printed,priyank-m/SROIE_2019_text_recognition,64,45,1502.4223,42.5979,12.1562,41,5.8594,20
microsoft/trocr-base-printed,priyank-m/SROIE_2019_text_recognition,64,46,1358.2534,47.1193,11.9531,37,5.7188,18
microsoft/trocr-base-printed,priyank-m/SROIE_2019_text_recognition,64,47,1015.5307,63.0212,11.8594,32,5.2656,13
microsoft/trocr-base-printed,priyank-m/SROIE_2019_text_recognition,64,48,1286.4685,49.7486,10.7812,37,5.125,17
microsoft/trocr-base-printed,priyank-m/SROIE_2019_text_recognition,64,49,1496.6871,42.7611,10.5,39,5.25,20
